feature1,feature2,cluster_label
-2.0408300270124076,-0.6298645106401191,-1
-1.9515776852236528,-0.8503444996186234,-1
-1.9404211425000586,-0.3977803117153777,-1
-1.9069515143292757,-0.6414687205863562,0
-1.9069515143292757,-0.7459066101024897,0
-1.884638428882087,-0.455801361446563,-1
-1.8734818861584928,-0.7575108200487268,0
-1.8734818861584928,-0.6066560907476449,0
-1.8734818861584928,-0.6762813504250673,0
-1.8623253434348983,-0.6066560907476449,0
-1.8400122579877098,-0.5486350410164595,0
-1.8400122579877098,-0.7343024001562527,0
-1.8288557152641154,-0.5370308310702225,0
-1.8176991725405212,-0.6530729305325932,0
-1.8065426298169267,-0.5602392509626967,0
-1.8065426298169267,-0.5718434609089337,0
-1.7953860870933325,-0.5950518808014078,0
-1.7953860870933325,-0.6066560907476449,0
-1.7953860870933325,-0.5022182012315113,0
-1.7842295443697382,-0.9431781791885199,0
-1.7842295443697382,-0.8039276598336751,0
-1.7842295443697382,-0.7110939802637786,0
-1.7730730016461438,-0.7110939802637786,0
-1.7730730016461438,-0.7226981902100156,0
-1.7730730016461438,-1.0244076488121794,-1
-1.7730730016461438,-0.44419715150032596,0
-1.7730730016461438,-0.3049466321454811,0
-1.7507599161989553,-0.4674055713928001,0
-1.7507599161989553,-0.9083655493498087,0
-1.7284468307517666,-0.6762813504250673,0
-1.7284468307517666,-0.618260300693882,0
-1.7284468307517666,-0.5022182012315113,0
-1.7172902880281724,-0.8039276598336751,0
-1.7172902880281724,-0.7575108200487268,0
-1.7172902880281724,-0.3049466321454811,0
-1.706133745304578,-0.7343024001562527,0
-1.706133745304578,-0.38617610176914063,0
-1.706133745304578,-0.8619487095648605,0
-1.6949772025809837,-0.4906139912852742,0
-1.6949772025809837,-0.7110939802637786,0
-1.6949772025809837,-0.7459066101024897,0
-1.6949772025809837,-0.8039276598336751,0
-1.6949772025809837,-0.5834476708551708,0
-1.6949772025809837,-0.6298645106401191,0
-1.6838206598573893,-0.5254266211239854,0
-1.6838206598573893,-0.3397592619841924,0
-1.6838206598573893,-0.8851571294573346,0
-1.672664117133795,-0.8851571294573346,0
-1.672664117133795,-0.6414687205863562,0
-1.672664117133795,-0.281738212253007,0
-1.672664117133795,-0.8271360797261492,0
-1.672664117133795,-0.6066560907476449,0
-1.6615075744102008,-0.47900978133903716,0
-1.6615075744102008,-0.9895950189734682,0
-1.6615075744102008,-0.38617610176914063,0
-1.6615075744102008,-0.7343024001562527,0
-1.6503510316866064,-0.5254266211239854,0
-1.6503510316866064,-0.7226981902100156,0
-1.6503510316866064,-0.44419715150032596,0
-1.6391944889630121,-0.6878855603713044,0
-1.6391944889630121,-0.8039276598336751,0
-1.6280379462394179,-0.5602392509626967,0
-1.6168814035158234,-0.7575108200487268,0
-1.6168814035158234,-0.9315739692422829,0
-1.6168814035158234,-0.7923234498874381,0
-1.6057248607922292,-0.5602392509626967,0
-1.6057248607922292,-0.8387402896723863,0
-1.6057248607922292,-0.455801361446563,0
-1.6057248607922292,-0.5834476708551708,0
-1.6057248607922292,-0.6762813504250673,0
-1.6057248607922292,-0.6414687205863562,0
-1.6057248607922292,-0.47900978133903716,0
-1.594568318068635,-0.7691150299949638,0
-1.594568318068635,-0.6066560907476449,0
-1.594568318068635,-0.8967613394035716,0
-1.5834117753450405,-0.7110939802637786,0
-1.5834117753450405,-0.7575108200487268,0
-1.5834117753450405,-0.6646771404788303,0
-1.5722552326214463,-0.8619487095648605,0
-1.5722552326214463,-0.5718434609089337,0
-1.5722552326214463,-0.7226981902100156,0
-1.5722552326214463,-0.9199697592960457,0
-1.5610986898978518,-0.7110939802637786,0
-1.5499421471742576,-0.8503444996186234,0
-1.5499421471742576,-0.780719239941201,0
-1.5499421471742576,-1.0244076488121794,-1
-1.5387856044506634,-0.8155318697799122,0
-1.5387856044506634,-0.8387402896723863,0
-1.5387856044506634,-0.4674055713928001,0
-1.5387856044506634,-0.4906139912852742,0
-1.527629061727069,-0.7691150299949638,0
-1.527629061727069,-0.6646771404788303,0
-1.5164725190034747,-0.7691150299949638,0
-1.5053159762798805,-0.6878855603713044,0
-1.5053159762798805,-0.7110939802637786,0
-1.494159433556286,-0.5834476708551708,0
-1.494159433556286,-0.6646771404788303,0
-1.494159433556286,-0.35136347193042944,0
-1.4830028908326918,-0.5486350410164595,0
-1.4830028908326918,-0.3977803117153777,0
-1.4718463481090975,-0.954782389134757,0
-1.4718463481090975,-0.6878855603713044,0
-1.4718463481090975,-0.8387402896723863,0
-1.4718463481090975,-0.6066560907476449,0
-1.460689805385503,-0.7459066101024897,0
-1.460689805385503,-0.5486350410164595,0
-1.460689805385503,-0.5138224111777484,0
-1.4495332626619089,-0.8387402896723863,0
-1.4495332626619089,-0.8271360797261492,0
-1.4495332626619089,-0.42098873160785183,0
-1.4383767199383144,-0.6066560907476449,0
-1.4272201772147202,-0.7691150299949638,0
-1.416063634491126,-0.6414687205863562,0
-1.4049070917675315,-0.7691150299949638,0
-1.4049070917675315,-0.7923234498874381,0
-1.4049070917675315,-1.1752623781132614,-1
-1.4049070917675315,-0.6646771404788303,0
-1.3937505490439372,-0.5834476708551708,0
-1.3937505490439372,-0.8387402896723863,0
-1.3937505490439372,-0.780719239941201,0
-1.382594006320343,-1.279700267629395,1
-1.382594006320343,-1.4305549969304767,1
-1.382594006320343,-0.5602392509626967,0
-1.3602809208731543,-1.3377213173605802,1
-1.3602809208731543,-1.3261171074143432,1
-1.34912437814956,-0.5138224111777484,0
-1.34912437814956,-0.8503444996186234,0
-1.3379678354259656,-0.8967613394035716,0
-1.3379678354259656,-0.3629676818766665,-1
-1.3156547499787772,-1.268096057683158,1
-1.3044982072551827,-1.2332834278444467,1
-1.2933416645315885,-1.453763416822951,1
-1.282185121807994,-1.4305549969304767,1
-1.2710285790843998,-1.5465970963928475,1
-1.2710285790843998,-1.3725339471992914,1
-1.2710285790843998,-1.279700267629395,1
-1.2710285790843998,-1.4073465770380027,1
-1.2598720363608056,-1.1752623781132614,1
-1.2598720363608056,-1.5930139361777957,1
-1.2598720363608056,-0.5834476708551708,-1
-1.2487154936372111,-1.2564918477369207,1
-1.2487154936372111,-0.7110939802637786,-1
-1.2487154936372111,-1.279700267629395,1
-1.237558950913617,-1.3145128974681062,1
-1.237558950913617,-1.5930139361777957,1
-1.2264024081900227,-1.3609297372530544,1
-1.2264024081900227,-1.6046181461240328,1
-1.2152458654664282,-1.3725339471992914,1
-1.2152458654664282,-1.5001802566078992,1
-1.2152458654664282,-1.302908687521869,1
-1.2152458654664282,-1.6626391958552182,1
-1.2152458654664282,-1.0940329084896019,1
-1.204089322742834,-1.291304477575632,1
-1.204089322742834,-1.442159206876714,1
-1.1817762372956453,-1.6626391958552182,1
-1.1817762372956453,-1.3957423670917657,1
-1.1594631518484566,-1.268096057683158,1
-1.1594631518484566,-1.4073465770380027,1
-1.1483066091248624,-1.5465970963928475,1
-1.1483066091248624,-1.1984707980057354,1
-1.1371500664012681,-1.1520539582207872,1
-1.1371500664012681,-1.3261171074143432,1
-1.1371500664012681,-1.5117844665541362,1
-1.1371500664012681,-1.279700267629395,1
-1.1371500664012681,-1.442159206876714,1
-1.1371500664012681,-1.3609297372530544,1
-1.1259935236776737,-1.5465970963928475,1
-1.1259935236776737,-1.3261171074143432,1
-1.1148369809540795,-1.6046181461240328,1
-1.1148369809540795,-1.3841381571455285,1
-1.1148369809540795,-1.0592202786508906,1
-1.1036804382304852,-1.4073465770380027,1
-1.1036804382304852,-1.5233886765003732,1
-1.1036804382304852,-1.2100750079519724,1
-1.1036804382304852,-1.639430775962744,1
-1.0925238955068908,-1.6858476157476923,1
-1.0925238955068908,-1.4073465770380027,1
-1.0813673527832965,-1.5233886765003732,1
-1.0813673527832965,-1.61622235607027,1
-1.0590542673361079,-1.5465970963928475,1
-1.0590542673361079,-1.1868665880594984,1
-1.0590542673361079,-1.442159206876714,1
-1.0590542673361079,-1.2100750079519724,1
-1.0478977246125136,-1.2100750079519724,1
-1.0478977246125136,-1.268096057683158,1
-1.0367411818889192,-1.5117844665541362,1
-1.0367411818889192,-1.128845538328313,1
-1.0367411818889192,-1.291304477575632,1
-1.025584639165325,-1.291304477575632,1
-1.025584639165325,-1.3725339471992914,1
-1.0144280964417307,-1.5698055162853217,1
-1.0144280964417307,-1.3725339471992914,1
-1.0144280964417307,-1.4305549969304767,1
-1.0144280964417307,-1.6046181461240328,1
-1.0032715537181363,-1.6626391958552182,1
-1.0032715537181363,-1.4073465770380027,1
-1.0032715537181363,-1.117241328382076,1
-1.0032715537181363,-1.3145128974681062,1
-0.9809584682709477,-1.5349928864466105,1
-0.9698019255473534,-1.639430775962744,1
-0.9586453828237591,-1.442159206876714,1
-0.9586453828237591,-1.279700267629395,1
-0.9251757546529762,-1.3957423670917657,1
-0.9251757546529762,-1.4885760466616622,1
-0.9251757546529762,-1.5698055162853217,1
-0.9140192119293818,-1.2332834278444467,1
-0.9140192119293818,-1.3261171074143432,1
-0.9028626692057875,-1.465367626769188,1
-0.9028626692057875,-1.3957423670917657,1
-0.9028626692057875,-1.279700267629395,1
-0.9028626692057875,-1.651034985908981,1
-0.8917061264821932,-1.4189507869842397,1
-0.8917061264821932,-1.3377213173605802,1
-0.8693930410350046,-1.268096057683158,1
-0.8582364983114102,-1.5117844665541362,1
-0.8359234128642217,-1.291304477575632,1
-0.8359234128642217,-1.6046181461240328,1
-0.8247668701406273,-1.3609297372530544,1
-0.813610327417033,-1.476971836715425,1
-0.6239491011159297,1.0527459315642558,-1
-0.6127925583923354,0.7858491028008033,2
-0.5793229302215525,0.9599122519943594,-1
-0.5793229302215525,1.2268090807578118,2
-0.5458533020507695,0.8902869923169369,2
-0.5458533020507695,0.7162238431233808,2
-0.5458533020507695,0.6117859536072473,2
-0.523540216603581,0.8322659425857516,2
-0.5123836738799866,1.1571838210803895,2
-0.5123836738799866,1.1803922409728635,2
-0.5123836738799866,0.8206617326395145,2
-0.5012271311563923,0.9599122519943594,2
-0.5012271311563923,1.2848301304889973,2
-0.5012271311563923,0.8438701525319886,2
-0.490070588432798,1.1803922409728635,2
-0.490070588432798,0.5421606939298248,2
-0.490070588432798,1.07595435145673,2
-0.47891404570920365,0.6814112132846697,2
-0.47891404570920365,1.0527459315642558,2
-0.46775750298560936,0.576973323768536,2
-0.46775750298560936,0.8206617326395145,2
-0.456600960262015,1.1919964509191008,2
-0.456600960262015,0.7510364729620921,2
-0.456600960262015,0.8786827823706999,2
-0.456600960262015,0.727828053069618,2
-0.44544441753842073,1.07595435145673,2
-0.44544441753842073,0.9947248818330705,2
-0.44544441753842073,0.8206617326395145,2
-0.44544441753842073,0.9715164619405964,2
-0.44544441753842073,0.727828053069618,2
-0.43428787481482645,0.6698070033384326,2
-0.43428787481482645,1.1687880310266265,2
-0.43428787481482645,0.7742448928545662,2
-0.43428787481482645,0.6465985834459584,2
-0.43428787481482645,0.739432263015855,2
-0.4231313320912321,0.6001817436610102,2
-0.4231313320912321,1.099162771349204,2
-0.4231313320912321,1.2268090807578118,2
-0.4119747893676378,1.1803922409728635,2
-0.4119747893676378,0.6698070033384326,2
-0.4008182466440435,0.8670785724244627,2
-0.4008182466440435,1.07595435145673,2
-0.4008182466440435,0.6233901635534843,2
-0.3896617039204492,0.6582027933921956,2
-0.3896617039204492,0.5885775337147732,2
-0.3896617039204492,0.8206617326395145,2
-0.37850516119685484,0.9947248818330705,2
-0.37850516119685484,1.2964343404352343,2
-0.37850516119685484,1.261621710596523,2
-0.36734861847326056,0.7742448928545662,2
-0.36734861847326056,0.7858491028008033,2
-0.36734861847326056,1.0063290917793075,2
-0.36734861847326056,1.1223711912416783,2
-0.36734861847326056,0.9831206718868335,2
-0.36734861847326056,0.7046196331771438,2
-0.3561920757496662,0.8090575226932775,2
-0.3561920757496662,0.9831206718868335,2
-0.34503553302607193,0.6814112132846697,2
-0.34503553302607193,0.9367038321018852,2
-0.34503553302607193,0.901891202263174,2
-0.34503553302607193,1.064350141510493,2
-0.34503553302607193,1.2268090807578118,2
-0.3227224475788833,0.7046196331771438,2
-0.3227224475788833,0.9367038321018852,2
-0.3227224475788833,0.8554743624782257,2
-0.3227224475788833,0.47253543425240246,2
-0.3227224475788833,1.261621710596523,2
-0.3227224475788833,0.6698070033384326,2
-0.3227224475788833,1.099162771349204,2
-0.311565904855289,0.7626406829083292,2
-0.311565904855289,1.1455796111341525,2
-0.311565904855289,1.3080385503814713,2
-0.311565904855289,0.6582027933921956,2
-0.311565904855289,0.5305564839835878,2
-0.30040936213169467,0.7162238431233808,2
-0.30040936213169467,1.3428511802201826,2
-0.30040936213169467,0.8322659425857516,2
-0.30040936213169467,1.1687880310266265,2
-0.2892528194081004,1.064350141510493,2
-0.2892528194081004,1.27322592054276,2
-0.2892528194081004,0.6117859536072473,2
-0.2892528194081004,0.7974533127470403,2
-0.2892528194081004,1.07595435145673,2
-0.2892528194081004,0.8902869923169369,2
-0.27809627668450604,1.1107669812954413,2
-0.27809627668450604,0.7626406829083292,2
-0.27809627668450604,0.576973323768536,2
-0.26693973396091175,1.3080385503814713,2
-0.26693973396091175,1.3544553901664196,2
-0.26693973396091175,0.4609312243061654,2
-0.26693973396091175,1.099162771349204,2
-0.26693973396091175,0.9831206718868335,2
-0.2557831912373174,0.8786827823706999,2
-0.2557831912373174,0.5305564839835878,2
-0.2557831912373174,0.6930154232309067,2
-0.2557831912373174,1.3080385503814713,2
-0.24462664851372312,1.3196427603277086,2
-0.24462664851372312,1.0411417216180188,2
-0.24462664851372312,0.739432263015855,2
-0.24462664851372312,0.5305564839835878,2
-0.24462664851372312,1.2036006608653378,2
-0.2334701057901288,1.2848301304889973,2
-0.2334701057901288,0.7626406829083292,2
-0.2334701057901288,0.8206617326395145,2
-0.2334701057901288,0.9367038321018852,2
-0.2334701057901288,0.8322659425857516,2
-0.2334701057901288,0.8090575226932775,2
-0.2334701057901288,0.7742448928545662,2
-0.2223135630665345,0.6930154232309067,2
-0.2223135630665345,1.1223711912416783,2
-0.2223135630665345,1.1919964509191008,2
-0.2223135630665345,1.0411417216180188,2
-0.21115702034294018,0.9599122519943594,2
-0.21115702034294018,0.739432263015855,2
-0.20000047761934586,0.6698070033384326,2
-0.20000047761934586,1.0295375116717818,2
-0.20000047761934586,1.3544553901664196,2
-0.20000047761934586,1.3196427603277086,2
-0.18884393489575155,1.0179333017255447,2
-0.18884393489575155,1.07595435145673,2
-0.18884393489575155,0.6930154232309067,2
-0.18884393489575155,0.47253543425240246,2
-0.18884393489575155,0.9599122519943594,2
-0.17768739217215726,0.6349943734997214,2
-0.17768739217215726,0.5421606939298248,2
-0.17768739217215726,1.1223711912416783,2
-0.16653084944856295,0.9250996221556481,2
-0.16653084944856295,1.250017500650286,2
-0.16653084944856295,0.5537649038760619,2
-0.16653084944856295,1.1803922409728635,2
-0.15537430672496863,0.6930154232309067,2
-0.15537430672496863,0.8090575226932775,2
-0.15537430672496863,0.8554743624782257,2
-0.15537430672496863,0.6349943734997214,2
-0.14421776400137432,1.0527459315642558,2
-0.14421776400137432,0.8438701525319886,2
-0.14421776400137432,0.739432263015855,2
-0.14421776400137432,1.1339754011879153,2
-0.13306122127778,0.576973323768536,2
-0.13306122127778,0.8090575226932775,2
-0.13306122127778,0.6001817436610102,2
-0.13306122127778,0.9715164619405964,2
-0.13306122127778,0.8902869923169369,2
-0.13306122127778,0.6233901635534843,2
-0.13306122127778,0.913495412209411,2
-0.11074813583059137,0.9483080420481222,2
-0.11074813583059137,0.9599122519943594,2
-0.11074813583059137,0.7162238431233808,2
-0.11074813583059137,0.6465985834459584,2
-0.11074813583059137,0.8438701525319886,2
-0.11074813583059137,0.5885775337147732,2
-0.09959159310699707,0.4957438541448766,2
-0.09959159310699707,0.9947248818330705,2
-0.09959159310699707,0.6930154232309067,2
-0.09959159310699707,0.9483080420481222,2
-0.08843505038340276,1.1107669812954413,2
-0.08843505038340276,0.4609312243061654,2
-0.08843505038340276,0.7162238431233808,2
-0.08843505038340276,1.238413290704049,2
-0.07727850765980844,0.48413964419863953,2
-0.07727850765980844,1.07595435145673,2
-0.07727850765980844,1.1455796111341525,2
-0.06612196493621413,1.0063290917793075,2
-0.05496542221261982,1.087558561402967,2
-0.05496542221261982,0.5885775337147732,2
-0.05496542221261982,0.8438701525319886,2
-0.05496542221261982,0.7510364729620921,2
-0.05496542221261982,0.7742448928545662,2
-0.0438088794890255,1.1803922409728635,2
-0.0438088794890255,0.913495412209411,2
-0.0438088794890255,0.727828053069618,2
-0.0438088794890255,1.2268090807578118,2
-0.032652336765431195,0.8902869923169369,2
-0.032652336765431195,1.07595435145673,2
-0.032652336765431195,1.2152048708115748,2
-0.032652336765431195,0.9483080420481222,2
-0.032652336765431195,1.0411417216180188,2
-0.032652336765431195,0.8438701525319886,2
-0.02149579404183688,0.5885775337147732,2
-0.02149579404183688,0.6465985834459584,2
-0.010339251318242568,0.9599122519943594,2
-0.010339251318242568,0.6814112132846697,2
-0.010339251318242568,0.6698070033384326,2
0.0008172914053517439,0.8554743624782257,2
0.0008172914053517439,0.6001817436610102,2
0.0008172914053517439,1.0179333017255447,2
0.0008172914053517439,0.576973323768536,2
0.011973834128946056,0.8322659425857516,2
0.011973834128946056,1.099162771349204,2
0.011973834128946056,0.9947248818330705,2
0.011973834128946056,0.7858491028008033,2
0.011973834128946056,0.6349943734997214,2
0.02313037685254037,0.576973323768536,2
0.02313037685254037,0.6582027933921956,2
0.03428691957613468,1.1107669812954413,2
0.03428691957613468,0.8090575226932775,2
0.04544346229972899,0.8206617326395145,2
0.0566000050233233,0.9483080420481222,2
0.0566000050233233,0.5885775337147732,2
0.0566000050233233,1.2036006608653378,2
0.06775654774691761,0.6233901635534843,2
0.06775654774691761,0.5073480640911137,2
0.07891309047051193,0.565369113822299,2
0.07891309047051193,1.087558561402967,2
0.07891309047051193,0.8670785724244627,2
0.09006963319410624,0.7046196331771438,2
0.09006963319410624,0.565369113822299,2
0.09006963319410624,0.6814112132846697,2
0.09006963319410624,0.7510364729620921,2
0.10122617591770056,0.6930154232309067,2
0.10122617591770056,0.6349943734997214,2
0.10122617591770056,0.6465985834459584,2
0.10122617591770056,0.8554743624782257,2
0.12353926136488917,0.47253543425240246,2
0.12353926136488917,0.8786827823706999,2
0.1458523468120778,0.8090575226932775,2
0.16816543225926642,0.4493270143599283,2
0.20163506043004936,1.099162771349204,-1
0.2351046886008323,1.27322592054276,3
0.26857431677161525,1.0411417216180188,3
0.27973085949520954,1.0295375116717818,3
0.27973085949520954,1.0179333017255447,3
0.2908874022188039,1.2268090807578118,3
0.2908874022188039,0.8438701525319886,3
0.31320048766599246,0.8554743624782257,3
0.3355135731131811,0.9831206718868335,3
0.3466701158367754,1.07595435145673,3
0.3578266585603697,1.238413290704049,3
0.3578266585603697,1.3660596001126568,3
0.3578266585603697,1.250017500650286,3
0.3578266585603697,1.2036006608653378,3
0.36898320128396406,1.0411417216180188,3
0.36898320128396406,1.1339754011879153,3
0.36898320128396406,0.901891202263174,3
0.36898320128396406,1.1571838210803895,3
0.3912962867311527,0.9250996221556481,3
0.3912962867311527,1.2036006608653378,3
0.402452829454747,0.9599122519943594,3
0.402452829454747,1.3892680200051308,3
0.402452829454747,1.2152048708115748,3
0.402452829454747,1.5633311691986869,3
0.402452829454747,0.8206617326395145,3
0.41360937217834126,1.099162771349204,3
0.41360937217834126,1.1339754011879153,3
0.41360937217834126,1.064350141510493,3
0.4247659149019356,1.3776638100588938,3
0.4247659149019356,1.4821016995750274,3
0.4247659149019356,1.099162771349204,3
0.4359224576255299,1.5169143294137386,3
0.4359224576255299,1.5053101194675016,3
0.4359224576255299,1.3544553901664196,3
0.4359224576255299,1.099162771349204,3
0.4359224576255299,0.8438701525319886,3
0.4359224576255299,0.9367038321018852,3
0.44707900034912423,0.8090575226932775,3
0.44707900034912423,1.1107669812954413,3
0.44707900034912423,1.0411417216180188,3
0.44707900034912423,0.901891202263174,3
0.4582355430727185,1.4008722299513678,3
0.4582355430727185,1.0411417216180188,3
0.4582355430727185,0.7626406829083292,3
0.4582355430727185,1.2036006608653378,3
0.4582355430727185,1.4937059095212644,3
0.4582355430727185,1.0179333017255447,3
0.48054862851990715,1.261621710596523,3
0.48054862851990715,1.424080649843842,3
0.4917051712435015,1.435684859790079,3
0.4917051712435015,1.1223711912416783,3
0.4917051712435015,1.1687880310266265,3
0.4917051712435015,0.6698070033384326,3
0.4917051712435015,1.3080385503814713,3
0.4917051712435015,1.4704974896287903,3
0.4917051712435015,1.07595435145673,3
0.5028617139670958,1.0527459315642558,3
0.5028617139670958,0.9483080420481222,3
0.5028617139670958,0.913495412209411,3
0.5028617139670958,0.8902869923169369,3
0.5140182566906901,1.4821016995750274,3
0.5140182566906901,1.3428511802201826,3
0.5251747994142844,0.7858491028008033,3
0.5251747994142844,0.9483080420481222,3
0.5251747994142844,1.2036006608653378,3
0.5251747994142844,1.4704974896287903,3
0.5363313421378787,0.9483080420481222,3
0.5363313421378787,1.3660596001126568,3
0.5363313421378787,1.4588932796825533,3
0.5363313421378787,0.7858491028008033,3
0.5363313421378787,0.9947248818330705,3
0.547487884861473,1.3660596001126568,3
0.547487884861473,1.261621710596523,3
0.547487884861473,0.7626406829083292,3
0.547487884861473,0.7858491028008033,3
0.547487884861473,1.1339754011879153,3
0.547487884861473,0.8902869923169369,3
0.547487884861473,1.2036006608653378,3
0.547487884861473,1.1803922409728635,3
0.547487884861473,1.1687880310266265,3
0.547487884861473,1.3776638100588938,3
0.5586444275850674,0.8322659425857516,3
0.5586444275850674,1.0295375116717818,3
0.5698009703086616,0.8206617326395145,3
0.5698009703086616,0.8902869923169369,3
0.5698009703086616,1.3196427603277086,3
0.5698009703086616,1.064350141510493,3
0.5698009703086616,1.2036006608653378,3
0.5698009703086616,0.9831206718868335,3
0.580957513032256,0.8786827823706999,3
0.580957513032256,1.261621710596523,3
0.580957513032256,1.2848301304889973,3
0.580957513032256,1.250017500650286,3
0.5921140557558503,1.07595435145673,3
0.5921140557558503,0.7626406829083292,3
0.5921140557558503,1.250017500650286,3
0.5921140557558503,0.9250996221556481,3
0.5921140557558503,0.9831206718868335,3
0.5921140557558503,0.913495412209411,3
0.5921140557558503,1.1455796111341525,3
0.5921140557558503,1.1687880310266265,3
0.6032705984794446,0.7626406829083292,3
0.6032705984794446,1.07595435145673,3
0.6032705984794446,0.7742448928545662,3
0.6032705984794446,1.2964343404352343,3
0.6032705984794446,0.9947248818330705,3
0.6032705984794446,0.6930154232309067,3
0.6032705984794446,1.1339754011879153,3
0.6144271412030389,0.8090575226932775,3
0.6144271412030389,1.2152048708115748,3
0.6144271412030389,1.087558561402967,3
0.6144271412030389,0.6465985834459584,3
0.6144271412030389,1.1803922409728635,3
0.6255836839266332,0.7510364729620921,3
0.6255836839266332,1.1107669812954413,3
0.6255836839266332,1.099162771349204,3
0.6255836839266332,0.6814112132846697,3
0.6367402266502276,1.087558561402967,3
0.6367402266502276,1.3196427603277086,3
0.6367402266502276,1.1455796111341525,3
0.6367402266502276,0.901891202263174,3
0.6367402266502276,1.4008722299513678,3
0.6590533120974161,1.0527459315642558,3
0.6590533120974161,1.27322592054276,3
0.6590533120974161,0.7510364729620921,3
0.6590533120974161,0.8206617326395145,3
0.6590533120974161,1.064350141510493,3
0.6590533120974161,1.412476439897605,3
0.6702098548210105,1.3776638100588938,3
0.6702098548210105,0.8206617326395145,3
0.6702098548210105,0.913495412209411,3
0.6702098548210105,0.7510364729620921,3
0.6702098548210105,1.3196427603277086,3
0.6702098548210105,1.3660596001126568,3
0.6702098548210105,1.0411417216180188,3
0.6813663975446048,0.727828053069618,3
0.6813663975446048,0.8322659425857516,3
0.6813663975446048,1.0295375116717818,3
0.6813663975446048,0.7742448928545662,3
0.6813663975446048,1.3892680200051308,3
0.6813663975446048,0.8670785724244627,3
0.692522940268199,1.27322592054276,3
0.692522940268199,0.8322659425857516,3
0.692522940268199,0.727828053069618,3
0.692522940268199,0.9250996221556481,3
0.692522940268199,0.8090575226932775,3
0.692522940268199,0.565369113822299,3
0.692522940268199,0.739432263015855,3
0.7036794829917934,0.6814112132846697,3
0.7036794829917934,1.0295375116717818,3
0.7036794829917934,1.07595435145673,3
0.7036794829917934,0.9599122519943594,3
0.7148360257153877,0.727828053069618,3
0.7148360257153877,1.238413290704049,3
0.7148360257153877,1.4008722299513678,3
0.7148360257153877,1.1223711912416783,3
0.7148360257153877,0.8902869923169369,3
0.7259925684389821,-0.7691150299949638,4
0.7259925684389821,1.2964343404352343,3
0.7259925684389821,1.2036006608653378,3
0.7259925684389821,0.6930154232309067,3
0.7259925684389821,0.6582027933921956,3
0.7371491111625763,1.1455796111341525,3
0.7371491111625763,0.9367038321018852,3
0.7483056538861707,1.2036006608653378,3
0.7483056538861707,0.901891202263174,3
0.7483056538861707,-0.8155318697799122,4
0.7483056538861707,0.9250996221556481,3
0.7483056538861707,1.3080385503814713,3
0.7483056538861707,0.8786827823706999,3
0.7483056538861707,0.7162238431233808,3
0.759462196609765,1.3544553901664196,3
0.759462196609765,1.1223711912416783,3
0.759462196609765,0.6349943734997214,3
0.7706187393333592,1.1919964509191008,3
0.7706187393333592,0.8206617326395145,3
0.7706187393333592,-1.0476160687046536,4
0.7706187393333592,-1.1984707980057354,4
0.7817752820569536,0.9250996221556481,3
0.7817752820569536,0.727828053069618,3
0.7817752820569536,-0.8735529195110975,4
0.7817752820569536,0.7742448928545662,3
0.7817752820569536,1.0411417216180188,3
0.7817752820569536,1.2036006608653378,3
0.7817752820569536,0.901891202263174,3
0.7817752820569536,0.8438701525319886,3
0.7929318247805479,0.9947248818330705,3
0.8040883675041423,-0.6646771404788303,4
0.8040883675041423,1.0063290917793075,3
0.8040883675041423,-0.7691150299949638,4
0.8040883675041423,0.8322659425857516,3
0.8040883675041423,0.8206617326395145,3
0.8040883675041423,1.1571838210803895,3
0.8040883675041423,1.064350141510493,3
0.8040883675041423,0.8670785724244627,3
0.8040883675041423,1.0527459315642558,3
0.8040883675041423,-0.7343024001562527,4
0.8040883675041423,-0.8851571294573346,4
0.8152449102277365,1.1687880310266265,3
0.8152449102277365,0.8554743624782257,3
0.8152449102277365,-0.8619487095648605,4
0.8152449102277365,1.1107669812954413,3
0.8152449102277365,1.087558561402967,3
0.8152449102277365,-1.0592202786508906,4
0.8152449102277365,-0.8039276598336751,4
0.8264014529513308,1.2036006608653378,3
0.8264014529513308,0.6001817436610102,3
0.8264014529513308,-0.7575108200487268,4
0.8264014529513308,0.9715164619405964,3
0.8264014529513308,1.238413290704049,3
0.8375579956749252,0.9947248818330705,3
0.8375579956749252,0.7858491028008033,3
0.8375579956749252,-0.6530729305325932,4
0.8375579956749252,0.913495412209411,3
0.8375579956749252,0.8090575226932775,3
0.8487145383985194,0.727828053069618,3
0.8487145383985194,-0.9779908090272311,4
0.8487145383985194,0.7858491028008033,3
0.8487145383985194,0.9715164619405964,3
0.8487145383985194,1.1687880310266265,3
0.8598710811221137,0.8670785724244627,3
0.8598710811221137,-0.9315739692422829,4
0.8598710811221137,-1.1404497482745501,4
0.8598710811221137,1.3080385503814713,3
0.8598710811221137,0.8438701525319886,3
0.8598710811221137,1.099162771349204,3
0.8598710811221137,0.6930154232309067,3
0.8598710811221137,1.0411417216180188,3
0.8710276238457081,-0.8851571294573346,4
0.8710276238457081,1.087558561402967,3
0.8710276238457081,-0.4906139912852742,4
0.8710276238457081,-0.9431781791885199,4
0.8710276238457081,1.1919964509191008,3
0.8710276238457081,0.739432263015855,3
0.8821841665693024,1.1919964509191008,3
0.8821841665693024,-0.618260300693882,4
0.8821841665693024,0.9715164619405964,3
0.8821841665693024,1.1455796111341525,3
0.8821841665693024,-0.9083655493498087,4
0.8821841665693024,-0.5602392509626967,4
0.8933407092928967,0.9367038321018852,3
0.8933407092928967,1.099162771349204,3
0.8933407092928967,1.064350141510493,3
0.904497252016491,-0.8851571294573346,4
0.904497252016491,-0.6414687205863562,4
0.904497252016491,0.8090575226932775,3
0.904497252016491,-0.8735529195110975,4
0.904497252016491,-1.1404497482745501,4
0.9156537947400853,-0.8039276598336751,4
0.9156537947400853,1.238413290704049,3
0.9156537947400853,0.8554743624782257,3
0.9156537947400853,-0.5370308310702225,4
0.9268103374636797,-0.6298645106401191,4
0.9268103374636797,-1.117241328382076,4
0.9268103374636797,-0.7575108200487268,4
0.9268103374636797,0.9367038321018852,3
0.9268103374636797,-1.0360118587584164,4
0.9379668801872739,0.9250996221556481,3
0.9379668801872739,1.07595435145673,3
0.9379668801872739,-0.9083655493498087,4
0.9379668801872739,-1.1636581681670242,4
0.9379668801872739,-1.0592202786508906,4
0.9491234229108683,1.0295375116717818,3
0.9491234229108683,-0.5950518808014078,4
0.9602799656344626,0.6349943734997214,3
0.9602799656344626,-1.2332834278444467,4
0.9602799656344626,-0.8387402896723863,4
0.9602799656344626,-1.0476160687046536,4
0.9714365083580568,-1.0476160687046536,4
0.9714365083580568,-0.4674055713928001,4
0.9714365083580568,0.9831206718868335,3
0.9714365083580568,-0.966386599080994,4
0.9714365083580568,1.0527459315642558,3
0.9825930510816512,-1.1404497482745501,4
0.9825930510816512,-0.8271360797261492,4
0.9825930510816512,-1.0592202786508906,4
0.9825930510816512,0.913495412209411,3
0.9825930510816512,-0.9199697592960457,4
0.9825930510816512,-0.9779908090272311,4
0.9825930510816512,-1.2448876377906837,4
0.9937495938052455,0.727828053069618,3
0.9937495938052455,-1.2100750079519724,4
0.9937495938052455,-0.7691150299949638,4
0.9937495938052455,-1.0360118587584164,4
0.9937495938052455,0.7742448928545662,3
0.9937495938052455,0.9367038321018852,3
1.0049061365288399,-1.1636581681670242,4
1.0049061365288399,-1.0592202786508906,4
1.0049061365288399,-1.2216792178982097,4
1.016062679252434,-0.8851571294573346,4
1.016062679252434,-1.128845538328313,4
1.016062679252434,0.7626406829083292,3
1.016062679252434,0.8902869923169369,3
1.016062679252434,1.1455796111341525,3
1.016062679252434,-0.966386599080994,4
1.016062679252434,-1.2100750079519724,4
1.0272192219760286,-1.117241328382076,4
1.0272192219760286,-0.5718434609089337,4
1.0272192219760286,-1.291304477575632,4
1.0272192219760286,-0.8503444996186234,4
1.0272192219760286,-0.8387402896723863,4
1.0383757646996228,0.9483080420481222,3
1.0383757646996228,-0.9895950189734682,4
1.0383757646996228,-1.0824286985433647,4
1.0383757646996228,-1.0940329084896019,4
1.0383757646996228,-0.6762813504250673,4
1.049532307423217,-0.9315739692422829,4
1.049532307423217,-1.0011992289197054,4
1.049532307423217,-1.0476160687046536,4
1.049532307423217,0.8438701525319886,3
1.049532307423217,-1.268096057683158,4
1.0606888501468115,-1.1752623781132614,4
1.0606888501468115,-1.0592202786508906,4
1.0606888501468115,-1.1520539582207872,4
1.0606888501468115,-0.8503444996186234,4
1.0606888501468115,-0.8271360797261492,4
1.0606888501468115,-0.7923234498874381,4
1.0718453928704057,-1.1404497482745501,4
1.0718453928704057,-1.2564918477369207,4
1.0718453928704057,-0.8735529195110975,4
1.083001935594,-0.8155318697799122,4
1.083001935594,-0.5022182012315113,4
1.083001935594,-0.618260300693882,4
1.0941584783175944,-1.0128034388659424,4
1.0941584783175944,-1.0592202786508906,4
1.0941584783175944,-1.0011992289197054,4
1.0941584783175944,-1.1868665880594984,4
1.0941584783175944,-0.7575108200487268,4
1.1053150210411886,-0.7575108200487268,4
1.1053150210411886,-1.291304477575632,4
1.1053150210411886,-1.2564918477369207,4
1.1053150210411886,-0.6298645106401191,4
1.1053150210411886,-1.0592202786508906,4
1.1164715637647828,-1.2564918477369207,4
1.1164715637647828,-1.0011992289197054,4
1.1164715637647828,-0.954782389134757,4
1.1164715637647828,-1.3145128974681062,4
1.1276281064883773,-0.9315739692422829,4
1.1387846492119715,-0.7459066101024897,4
1.1387846492119715,-1.3841381571455285,4
1.1387846492119715,-0.4906139912852742,4
1.1387846492119715,-1.2216792178982097,4
1.149941191935566,-1.2448876377906837,4
1.149941191935566,-0.7575108200487268,4
1.149941191935566,-1.0244076488121794,4
1.1610977346591602,-0.6298645106401191,4
1.1610977346591602,-0.7226981902100156,4
1.1610977346591602,-0.8155318697799122,4
1.1610977346591602,-1.2448876377906837,4
1.1722542773827545,-1.117241328382076,4
1.1722542773827545,-0.6878855603713044,4
1.1722542773827545,-0.8503444996186234,4
1.183410820106349,-0.5602392509626967,4
1.183410820106349,-1.268096057683158,4
1.183410820106349,-1.1984707980057354,4
1.1945673628299431,-0.7691150299949638,4
1.1945673628299431,-1.1636581681670242,4
1.1945673628299431,-0.9431781791885199,4
1.1945673628299431,-0.8039276598336751,4
1.1945673628299431,-1.1752623781132614,4
1.1945673628299431,-1.268096057683158,4
1.1945673628299431,-1.2216792178982097,4
1.2057239055535374,-0.8387402896723863,4
1.2057239055535374,-1.3957423670917657,4
1.2057239055535374,-0.8851571294573346,4
1.2057239055535374,-1.302908687521869,4
1.2168804482771318,-1.0592202786508906,4
1.228036991000726,-1.2448876377906837,4
1.228036991000726,-0.9315739692422829,4
1.228036991000726,-1.1752623781132614,4
1.228036991000726,-0.5602392509626967,4
1.2391935337243203,-1.3261171074143432,4
1.2391935337243203,-0.7110939802637786,4
1.2391935337243203,-0.8735529195110975,4
1.2391935337243203,-1.291304477575632,4
1.2391935337243203,-1.0592202786508906,4
1.2391935337243203,-0.6994897703175414,4
1.2391935337243203,-1.0940329084896019,4
1.2503500764479147,-0.5718434609089337,4
1.2503500764479147,-1.268096057683158,4
1.261506619171509,-1.1636581681670242,4
1.261506619171509,-1.279700267629395,4
1.261506619171509,-0.7226981902100156,4
1.261506619171509,-0.7110939802637786,4
1.2726631618951034,-1.0011992289197054,4
1.2838197046186977,-0.8155318697799122,4
1.2838197046186977,-0.7691150299949638,4
1.2838197046186977,-0.7575108200487268,4
1.2838197046186977,-0.7110939802637786,4
1.2838197046186977,-0.8039276598336751,4
1.2949762473422919,-0.8967613394035716,4
1.2949762473422919,-1.0011992289197054,4
1.2949762473422919,-1.3145128974681062,4
1.2949762473422919,-1.1520539582207872,4
1.2949762473422919,-1.2332834278444467,4
1.2949762473422919,-1.3377213173605802,4
1.2949762473422919,-0.7343024001562527,4
1.3061327900658863,-1.1984707980057354,4
1.3061327900658863,-1.2564918477369207,4
1.3172893327894806,-0.9199697592960457,4
1.3284458755130748,-0.6530729305325932,4
1.3284458755130748,-1.291304477575632,4
1.3396024182366693,-1.105637118435839,4
1.3396024182366693,-1.0011992289197054,4
1.3507589609602635,-1.0128034388659424,4
1.3507589609602635,-1.268096057683158,4
1.3507589609602635,-1.3493255273068172,4
1.3619155036838577,-1.0824286985433647,4
1.3619155036838577,-1.279700267629395,4
1.3619155036838577,-1.2332834278444467,4
1.3842285891310464,-1.105637118435839,4
1.3842285891310464,-1.476971836715425,4
1.3842285891310464,-0.6878855603713044,4
1.3953851318546406,-1.0128034388659424,4
1.3953851318546406,-1.3957423670917657,4
1.406541674578235,-1.465367626769188,4
1.4176982173018293,-1.1984707980057354,4
1.4176982173018293,-1.1868665880594984,4
1.4176982173018293,-0.8851571294573346,4
1.4288547600254238,-0.8155318697799122,4
1.4288547600254238,-1.5233886765003732,4
1.4288547600254238,-0.7575108200487268,4
1.4288547600254238,-0.7923234498874381,4
1.440011302749018,-1.2448876377906837,4
1.4511678454726122,-0.9199697592960457,4
1.4511678454726122,-1.2448876377906837,4
1.4623243881962067,-1.476971836715425,4
1.4623243881962067,-0.9779908090272311,4
1.473480930919801,-1.2564918477369207,4
1.4846374736433952,-1.2332834278444467,4
1.4846374736433952,-0.9083655493498087,4
1.4957940163669896,-1.105637118435839,4
1.4957940163669896,-1.0011992289197054,4
1.4957940163669896,-1.0708244885971276,4
1.5069505590905838,-1.2448876377906837,4
1.5069505590905838,-1.0592202786508906,4
1.5069505590905838,-1.4305549969304767,4
1.518107101814178,-1.268096057683158,4
1.518107101814178,-1.2332834278444467,4
1.518107101814178,-1.2100750079519724,4
1.5292636445377725,-1.105637118435839,4
1.5738898154321497,-0.966386599080994,4
0.6341062238044545,0.6452040702469521,3
-1.7917933383190043,-0.6077221540908663,0
-0.18311856477912478,0.03564802832476001,-1
-0.30247146627257354,-0.2821544758018479,-1
-0.35672962596050234,-0.08416316880863613,-1
-0.7889691192558627,0.0464193345272947,-1
0.972610395792632,0.2405541001128236,-1
0.7097216261037775,-1.4338788353166858,-1
-1.4061268048559827,-0.6668218709843085,0
1.2347189404176626,-1.1626098134774352,4
1.320469243332471,-0.7968538190757407,4
1.2695978438748838,0.3229145186218927,-1
-1.5684684339847437,-1.0614371441207795,-1
0.7616568743150757,1.058134164047866,3
1.1582284345024738,-1.1005342124669355,4
-0.7378057858532497,-1.6268261561305755,1
-0.2713331112830458,-0.437618697958128,-1
-1.1440264361998291,1.0287794141461417,-1
0.759764977933851,-0.434456003534988,4
1.2031111278433393,-0.7830865524966487,4
-0.6387894043520165,1.3757704019795312,-1
-0.7745094835057382,1.0011880534299318,-1
0.043835683956883455,0.8109080913928015,2
-0.3304630107008176,-1.449149518776947,-1
0.15062117172055986,0.15046055050151702,-1
-1.5236735364526228,-0.40066910163498837,0
0.8265391769861156,0.6544797675201642,3
-2.0032069692648036,-0.48806807556180176,-1
-1.8162603808598974,0.3230512774929461,-1
0.012433820800182871,-0.4178289583043582,-1
-1.1896979339340663,-1.087938349561273,1
-0.14563402872808,-0.09430403488449204,-1
0.5156140478035823,-0.5994522356030864,-1
-1.356885775234644,0.919918240751827,-1
-0.021193158807474192,-0.21226042169715592,-1
1.2249762350472093,-1.2913412822898618,4
0.3201808973987051,-1.5287519562573078,-1
-1.9482494984205814,0.5064605574265847,-1
0.9471330357469928,0.6845098980673079,3
-0.36011815856878177,-0.08324157414588225,-1
0.6516605440002916,-0.7761747167089825,4
0.3137809102731321,-0.7863872514000921,-1
-1.6511584627449487,-1.0999604194379806,-1
0.7515794829641207,0.6705033320210528,3
-1.3030237943261123,-1.441458510124493,1
-1.3920064536562664,-0.5184368027493161,0
-0.9020639047045003,1.270778520682909,-1
1.0460552002670975,-1.287129097078638,4
-0.6744772241292756,0.3458897837566291,-1
-1.5311615632557893,1.1600464643635677,-1
0.10577388956412676,-0.6804311226166045,-1
0.6543793655978377,-0.08871054564960185,-1
-0.5125779497938334,-1.2625522776609763,-1
0.33927253447861266,-0.4120327245756839,-1
-0.3531730561773782,1.5628846496386344,-1
0.5691516878225628,0.15598005081160837,-1
-1.3842919476649749,0.3958083064805239,-1
-1.1760733826786534,1.1549318076439703,-1
-1.0736154392385824,0.6878885745082304,-1
0.08030747981612685,1.3612454848434319,-1
1.489106943503354,-1.2354782258758479,4
1.2447236192439848,-1.2883621019358291,4
-0.4991885231208078,0.0992008203493573,-1
-0.360344608446767,0.1572140320362134,-1
1.135653709722681,-0.8811678784554375,4
-1.0312163567529793,0.008091475794616701,-1
0.2885566813895433,-0.9955485050039405,-1
-0.9318070552958301,0.7692930475486652,-1
1.4017767150224814,0.754770430910311,-1
-1.2548701432065523,1.3892877491032944,-1
-1.5927342684451393,-0.8407927580675456,0
-1.06693136382312,0.2043927457778159,-1
1.0830623229915062,1.549670751082034,-1
-1.0981890618716008,0.5050668096323553,-1
-1.8911389769276656,-0.8248922177933693,0
-0.002801059996695811,-1.5367105314076723,-1
0.7643874206711254,-1.1474612385911445,4
1.3666781606009475,-1.591556490257261,4
-1.3436239070767833,0.27380368747001327,-1
-1.793491411335523,0.05918967090043944,-1
0.33237870039541145,-0.6897146435230795,-1
1.2932709663089947,0.319115362154273,-1
0.18459988999482066,-1.5168130633400003,-1
-1.9338646455025108,-1.260886500358366,-1
1.510986381682666,0.9740173427867839,-1
-1.7841609645145757,0.1419070952911002,-1
0.2742805683201199,-1.3662341780532505,-1
1.4870404410721692,-0.8425088777415874,4
0.003871896633667905,-0.33352662296141833,-1
-0.8542536110191831,0.8512303343042521,-1
-0.27355309886935675,-0.6043224146498429,-1
-1.4865755845249724,-0.6295057843553684,0
0.523186942616876,0.3805188498966633,-1
0.5525678855964283,-1.19791770681643,-1
0.2501847172464629,-1.1802865896584864,-1
1.085289716062286,1.181188631124204,3
-1.3009530315266935,-1.6510267133911114,1
1.4377505342330337,-0.1854958443294335,-1
-0.6390856300387486,-1.6342279370861796,-1
-1.5054088011503344,-1.6129138816733921,-1
-0.7817973848855981,1.0941358976972542,-1
-1.648841616657261,-0.85062131253053,0
1.1769443225234921,1.2378291770326113,-1
0.727548102629922,1.0460932911260026,3
-0.6461269904056633,-1.0186312775407218,-1
1.4585923617929557,1.3675669958760028,-1
0.6238446474711249,-0.5126787445048827,4
-0.43620622528297753,-0.4559249961462384,-1
-1.7209327398039924,-1.0037515925392204,-1
0.22812064414636354,1.4377760788991993,-1
1.272910675230921,-0.6864456008872902,4
-1.2052663659763947,1.2907746608125037,-1
0.5856499744413249,-0.44060814265847026,4
-1.1718433177686254,-0.9478080368185163,1
-1.2392059161507916,-1.585252294283543,1
-0.35019453117943056,1.3685968312971641,2
0.7110707132237089,-0.8848299356838105,4
-0.12395067809376556,0.6383574821394765,2
-1.8948227609280177,1.5197001532020453,-1
-0.5629718919054431,-0.5222052816141882,-1
-0.40322067328859773,0.9738339204421569,2
0.11382625311789847,-0.639609680915804,-1
-0.8349686636697897,0.8853089349086312,-1
0.7161549239835294,-0.03352331206896281,-1
-1.7187244084514723,0.4125166418005004,-1
-0.17567567050867386,0.6622808771746083,2
0.9980853562357009,-0.5901349100109122,4
0.9632243756315184,1.0876309659823757,3
-0.954180247351196,0.8010175507533637,-1
1.3563371249129512,0.4058282135628331,-1
0.852599707325852,1.181737117696648,3
-1.9188292077534692,0.05883804876158216,-1
-1.122288103150987,-0.17977383026357935,-1
1.3968430544509776,-0.8001026619730482,4
0.48772606498332277,1.4585686327713625,3
-1.5435688763917654,-0.3192259218240226,0
-1.6956981013234063,-1.170141890639325,-1
-1.8970972432092816,0.5355991994637652,-1
-1.4470429405746403,-0.9147545845142747,0
0.6988129484082081,0.06810126752310554,-1
0.28009550399104177,1.5516790788049935,3
0.5252341942593589,-0.9812311970769927,-1
-0.10941730540403911,0.9783341260615741,2
0.6194843495746374,-1.4298652493555832,-1
0.7687856793427734,0.3084923249293296,-1
-1.809916650247625,-0.10292810828570234,-1
0.08576723945221307,-1.1689373722715015,-1
1.1463848729500978,-1.2376419201869602,4
-0.3587796951064954,1.5544648829893208,-1
-0.28590707578109326,-0.14562446961501327,-1
-1.9660640926300914,1.1009507401139085,-1
-0.7116833361592716,-0.6925193120277172,-1
-1.553194960020384,-1.1286919574561056,-1
0.8679348481424752,0.4118766649183227,-1
-1.444002272919311,-1.5415704140160804,1
1.491404341610539,-1.4733886539516503,4
-0.5644390801343683,-0.1390202830992437,-1
0.23732758652929692,0.03441089155078716,-1
0.6338154372752719,0.12245206044163294,-1
-1.0899078318901505,0.01214741712515888,-1
1.313827820628958,0.3373804350328916,-1
-0.06318326656427768,1.3823748843033645,-1
0.6215765473966519,-1.4607874817252453,-1
0.7415469130086494,-0.4501223232870606,4
1.1275837086557132,-1.2013843035472673,4
1.2526452745252823,-0.9574780838457607,4
1.4181731502247106,0.7758522016255457,-1
-0.7722617416794364,-1.1773933232739806,1
-1.2912320629233214,0.5893956126851265,-1
-1.2898088799216336,0.22730298637660137,-1
-1.900523994628065,-0.42146715796485684,-1
1.4222762276824223,0.05248026149573554,-1
-1.3252850202748085,0.6446074968757839,-1
0.42825754927633125,1.0536346510876262,3
-1.1656017017839353,-0.1555855335616705,-1
